{"stats":{"minecraft:killed_by":{"solo_leveling:giga_goblin":1},"minecraft:used":{"minecraft:netherite_sword":160,"minecraft:golden_carrot":14,"easy_npc:pillager_spawn_egg":1,"minecraft:totem_of_undying":1},"minecraft:killed":{"solo_leveling:goblin":20,"solo_leveling:goblin_2":23,"solo_leveling:giga_goblin":1},"minecraft:custom":{"minecraft:jump":330,"minecraft:time_since_rest":1470,"minecraft:leave_game":1,"minecraft:crouch_one_cm":112,"minecraft:damage_dealt":4498,"minecraft:deaths":1,"minecraft:sprint_one_cm":22853,"minecraft:play_time":12226,"minecraft:time_since_death":1433,"minecraft:walk_one_cm":45773,"minecraft:sneak_time":77,"minecraft:total_world_time":12226,"minecraft:mob_kills":45,"minecraft:fall_one_cm":4109,"minecraft:fly_one_cm":129556},"minecraft:picked_up":{"solo_leveling:magic_crystalll":43}},"DataVersion":3465}